--
-- PostgreSQL database dump
--

-- Dumped from database version 15.2 (Debian 15.2-1.pgdg110+1)
-- Dumped by pg_dump version 15.2 (Debian 15.2-1.pgdg110+1)

SET statement_timeout = 0;
SET lock_timeout = 0;
SET idle_in_transaction_session_timeout = 0;
SET client_encoding = 'UTF8';
SET standard_conforming_strings = on;
SELECT pg_catalog.set_config('search_path', '', false);
SET check_function_bodies = false;
SET xmloption = content;
SET client_min_messages = warning;
SET row_security = off;

SET default_tablespace = '';

SET default_table_access_method = heap;

--
-- Name: auth_group; Type: TABLE; Schema: public; Owner: postgres
--

CREATE TABLE public.auth_group (
    id integer NOT NULL,
    name character varying(150) NOT NULL
);


ALTER TABLE public.auth_group OWNER TO postgres;

--
-- Name: auth_group_id_seq; Type: SEQUENCE; Schema: public; Owner: postgres
--

ALTER TABLE public.auth_group ALTER COLUMN id ADD GENERATED BY DEFAULT AS IDENTITY (
    SEQUENCE NAME public.auth_group_id_seq
    START WITH 1
    INCREMENT BY 1
    NO MINVALUE
    NO MAXVALUE
    CACHE 1
);


--
-- Name: auth_group_permissions; Type: TABLE; Schema: public; Owner: postgres
--

CREATE TABLE public.auth_group_permissions (
    id integer NOT NULL,
    group_id integer NOT NULL,
    permission_id integer NOT NULL
);


ALTER TABLE public.auth_group_permissions OWNER TO postgres;

--
-- Name: auth_group_permissions_id_seq; Type: SEQUENCE; Schema: public; Owner: postgres
--

ALTER TABLE public.auth_group_permissions ALTER COLUMN id ADD GENERATED BY DEFAULT AS IDENTITY (
    SEQUENCE NAME public.auth_group_permissions_id_seq
    START WITH 1
    INCREMENT BY 1
    NO MINVALUE
    NO MAXVALUE
    CACHE 1
);


--
-- Name: auth_permission; Type: TABLE; Schema: public; Owner: postgres
--

CREATE TABLE public.auth_permission (
    id integer NOT NULL,
    name character varying(255) NOT NULL,
    content_type_id integer NOT NULL,
    codename character varying(100) NOT NULL
);


ALTER TABLE public.auth_permission OWNER TO postgres;

--
-- Name: auth_permission_id_seq; Type: SEQUENCE; Schema: public; Owner: postgres
--

ALTER TABLE public.auth_permission ALTER COLUMN id ADD GENERATED BY DEFAULT AS IDENTITY (
    SEQUENCE NAME public.auth_permission_id_seq
    START WITH 1
    INCREMENT BY 1
    NO MINVALUE
    NO MAXVALUE
    CACHE 1
);


--
-- Name: auth_user; Type: TABLE; Schema: public; Owner: postgres
--

CREATE TABLE public.auth_user (
    id integer NOT NULL,
    password character varying(128) NOT NULL,
    last_login timestamp with time zone,
    is_superuser boolean NOT NULL,
    username character varying(150) NOT NULL,
    first_name character varying(150) NOT NULL,
    last_name character varying(150) NOT NULL,
    email character varying(254) NOT NULL,
    is_staff boolean NOT NULL,
    is_active boolean NOT NULL,
    date_joined timestamp with time zone NOT NULL
);


ALTER TABLE public.auth_user OWNER TO postgres;

--
-- Name: auth_user_groups; Type: TABLE; Schema: public; Owner: postgres
--

CREATE TABLE public.auth_user_groups (
    id integer NOT NULL,
    user_id integer NOT NULL,
    group_id integer NOT NULL
);


ALTER TABLE public.auth_user_groups OWNER TO postgres;

--
-- Name: auth_user_groups_id_seq; Type: SEQUENCE; Schema: public; Owner: postgres
--

ALTER TABLE public.auth_user_groups ALTER COLUMN id ADD GENERATED BY DEFAULT AS IDENTITY (
    SEQUENCE NAME public.auth_user_groups_id_seq
    START WITH 1
    INCREMENT BY 1
    NO MINVALUE
    NO MAXVALUE
    CACHE 1
);


--
-- Name: auth_user_id_seq; Type: SEQUENCE; Schema: public; Owner: postgres
--

ALTER TABLE public.auth_user ALTER COLUMN id ADD GENERATED BY DEFAULT AS IDENTITY (
    SEQUENCE NAME public.auth_user_id_seq
    START WITH 1
    INCREMENT BY 1
    NO MINVALUE
    NO MAXVALUE
    CACHE 1
);


--
-- Name: auth_user_user_permissions; Type: TABLE; Schema: public; Owner: postgres
--

CREATE TABLE public.auth_user_user_permissions (
    id integer NOT NULL,
    user_id integer NOT NULL,
    permission_id integer NOT NULL
);


ALTER TABLE public.auth_user_user_permissions OWNER TO postgres;

--
-- Name: auth_user_user_permissions_id_seq; Type: SEQUENCE; Schema: public; Owner: postgres
--

ALTER TABLE public.auth_user_user_permissions ALTER COLUMN id ADD GENERATED BY DEFAULT AS IDENTITY (
    SEQUENCE NAME public.auth_user_user_permissions_id_seq
    START WITH 1
    INCREMENT BY 1
    NO MINVALUE
    NO MAXVALUE
    CACHE 1
);


--
-- Name: charts_chart; Type: TABLE; Schema: public; Owner: postgres
--

CREATE TABLE public.charts_chart (
    id bigint NOT NULL,
    decade character varying(10) NOT NULL,
    image character varying(100)
);


ALTER TABLE public.charts_chart OWNER TO postgres;

--
-- Name: charts_chart_id_seq; Type: SEQUENCE; Schema: public; Owner: postgres
--

ALTER TABLE public.charts_chart ALTER COLUMN id ADD GENERATED BY DEFAULT AS IDENTITY (
    SEQUENCE NAME public.charts_chart_id_seq
    START WITH 1
    INCREMENT BY 1
    NO MINVALUE
    NO MAXVALUE
    CACHE 1
);


--
-- Name: charts_song; Type: TABLE; Schema: public; Owner: postgres
--

CREATE TABLE public.charts_song (
    id bigint NOT NULL,
    title character varying(100) NOT NULL,
    artist character varying(100) NOT NULL,
    video_link character varying(100),
    decade_id bigint NOT NULL,
    rank integer NOT NULL
);


ALTER TABLE public.charts_song OWNER TO postgres;

--
-- Name: charts_song_id_seq; Type: SEQUENCE; Schema: public; Owner: postgres
--

ALTER TABLE public.charts_song ALTER COLUMN id ADD GENERATED BY DEFAULT AS IDENTITY (
    SEQUENCE NAME public.charts_song_id_seq
    START WITH 1
    INCREMENT BY 1
    NO MINVALUE
    NO MAXVALUE
    CACHE 1
);


--
-- Name: discussions_post; Type: TABLE; Schema: public; Owner: postgres
--

CREATE TABLE public.discussions_post (
    id bigint NOT NULL,
    content text NOT NULL,
    created_at timestamp with time zone NOT NULL,
    created_by_id integer NOT NULL,
    topic_id bigint NOT NULL
);


ALTER TABLE public.discussions_post OWNER TO postgres;

--
-- Name: discussions_post_id_seq; Type: SEQUENCE; Schema: public; Owner: postgres
--

ALTER TABLE public.discussions_post ALTER COLUMN id ADD GENERATED BY DEFAULT AS IDENTITY (
    SEQUENCE NAME public.discussions_post_id_seq
    START WITH 1
    INCREMENT BY 1
    NO MINVALUE
    NO MAXVALUE
    CACHE 1
);


--
-- Name: discussions_topic; Type: TABLE; Schema: public; Owner: postgres
--

CREATE TABLE public.discussions_topic (
    id bigint NOT NULL,
    created_at timestamp with time zone NOT NULL,
    updated_at timestamp with time zone NOT NULL,
    decade_id bigint NOT NULL,
    name character varying(100) NOT NULL,
    created_by_id integer NOT NULL
);


ALTER TABLE public.discussions_topic OWNER TO postgres;

--
-- Name: discussions_topic_id_seq; Type: SEQUENCE; Schema: public; Owner: postgres
--

ALTER TABLE public.discussions_topic ALTER COLUMN id ADD GENERATED BY DEFAULT AS IDENTITY (
    SEQUENCE NAME public.discussions_topic_id_seq
    START WITH 1
    INCREMENT BY 1
    NO MINVALUE
    NO MAXVALUE
    CACHE 1
);


--
-- Name: django_admin_log; Type: TABLE; Schema: public; Owner: postgres
--

CREATE TABLE public.django_admin_log (
    id integer NOT NULL,
    action_time timestamp with time zone NOT NULL,
    object_id text,
    object_repr character varying(200) NOT NULL,
    action_flag smallint NOT NULL,
    change_message text NOT NULL,
    content_type_id integer,
    user_id integer NOT NULL,
    CONSTRAINT django_admin_log_action_flag_check CHECK ((action_flag >= 0))
);


ALTER TABLE public.django_admin_log OWNER TO postgres;

--
-- Name: django_admin_log_id_seq; Type: SEQUENCE; Schema: public; Owner: postgres
--

ALTER TABLE public.django_admin_log ALTER COLUMN id ADD GENERATED BY DEFAULT AS IDENTITY (
    SEQUENCE NAME public.django_admin_log_id_seq
    START WITH 1
    INCREMENT BY 1
    NO MINVALUE
    NO MAXVALUE
    CACHE 1
);


--
-- Name: django_content_type; Type: TABLE; Schema: public; Owner: postgres
--

CREATE TABLE public.django_content_type (
    id integer NOT NULL,
    app_label character varying(100) NOT NULL,
    model character varying(100) NOT NULL
);


ALTER TABLE public.django_content_type OWNER TO postgres;

--
-- Name: django_content_type_id_seq; Type: SEQUENCE; Schema: public; Owner: postgres
--

ALTER TABLE public.django_content_type ALTER COLUMN id ADD GENERATED BY DEFAULT AS IDENTITY (
    SEQUENCE NAME public.django_content_type_id_seq
    START WITH 1
    INCREMENT BY 1
    NO MINVALUE
    NO MAXVALUE
    CACHE 1
);


--
-- Name: django_migrations; Type: TABLE; Schema: public; Owner: postgres
--

CREATE TABLE public.django_migrations (
    id integer NOT NULL,
    app character varying(255) NOT NULL,
    name character varying(255) NOT NULL,
    applied timestamp with time zone NOT NULL
);


ALTER TABLE public.django_migrations OWNER TO postgres;

--
-- Name: django_migrations_id_seq; Type: SEQUENCE; Schema: public; Owner: postgres
--

ALTER TABLE public.django_migrations ALTER COLUMN id ADD GENERATED BY DEFAULT AS IDENTITY (
    SEQUENCE NAME public.django_migrations_id_seq
    START WITH 1
    INCREMENT BY 1
    NO MINVALUE
    NO MAXVALUE
    CACHE 1
);


--
-- Name: django_session; Type: TABLE; Schema: public; Owner: postgres
--

CREATE TABLE public.django_session (
    session_key character varying(40) NOT NULL,
    session_data text NOT NULL,
    expire_date timestamp with time zone NOT NULL
);


ALTER TABLE public.django_session OWNER TO postgres;

--
-- Data for Name: auth_group; Type: TABLE DATA; Schema: public; Owner: postgres
--

COPY public.auth_group (id, name) FROM stdin;
\.


--
-- Data for Name: auth_group_permissions; Type: TABLE DATA; Schema: public; Owner: postgres
--

COPY public.auth_group_permissions (id, group_id, permission_id) FROM stdin;
\.


--
-- Data for Name: auth_permission; Type: TABLE DATA; Schema: public; Owner: postgres
--

COPY public.auth_permission (id, name, content_type_id, codename) FROM stdin;
1	Can add log entry	1	add_logentry
2	Can change log entry	1	change_logentry
3	Can delete log entry	1	delete_logentry
4	Can view log entry	1	view_logentry
5	Can add permission	2	add_permission
6	Can change permission	2	change_permission
7	Can delete permission	2	delete_permission
8	Can view permission	2	view_permission
9	Can add group	3	add_group
10	Can change group	3	change_group
11	Can delete group	3	delete_group
12	Can view group	3	view_group
13	Can add user	4	add_user
14	Can change user	4	change_user
15	Can delete user	4	delete_user
16	Can view user	4	view_user
17	Can add content type	5	add_contenttype
18	Can change content type	5	change_contenttype
19	Can delete content type	5	delete_contenttype
20	Can view content type	5	view_contenttype
21	Can add session	6	add_session
22	Can change session	6	change_session
23	Can delete session	6	delete_session
24	Can view session	6	view_session
25	Can add song	7	add_song
26	Can change song	7	change_song
27	Can delete song	7	delete_song
28	Can view song	7	view_song
29	Can add chart	8	add_chart
30	Can change chart	8	change_chart
31	Can delete chart	8	delete_chart
32	Can view chart	8	view_chart
33	Can add chart song	9	add_chartsong
34	Can change chart song	9	change_chartsong
35	Can delete chart song	9	delete_chartsong
36	Can view chart song	9	view_chartsong
37	Can add topic	10	add_topic
38	Can change topic	10	change_topic
39	Can delete topic	10	delete_topic
40	Can view topic	10	view_topic
41	Can add post	11	add_post
42	Can change post	11	change_post
43	Can delete post	11	delete_post
44	Can view post	11	view_post
\.


--
-- Data for Name: auth_user; Type: TABLE DATA; Schema: public; Owner: postgres
--

COPY public.auth_user (id, password, last_login, is_superuser, username, first_name, last_name, email, is_staff, is_active, date_joined) FROM stdin;
1	pbkdf2_sha256$390000$X3rFtPjLz3M5BsF62gG8EF$YFubi+ovLyeQ6s4eqPsWZVEX/L/GWcO1vI989mGFGKI=	2023-02-25 14:55:08.427195+00	t	admin			tyler.varzeas@gmail.com	t	t	2023-02-20 23:08:01.771371+00
3	pbkdf2_sha256$390000$nLcNkK9YpGMRSlmngXMcF5$wLgm0GqLNxSP4FpchJHNu7aEF6NZVe/1abyE80spLY0=	2023-02-25 15:54:01.756377+00	f	callie_cita			citacita@cita.com	f	t	2023-02-25 05:46:27.887544+00
2	pbkdf2_sha256$390000$RJuH9HEHdTGyTcJzMJKJTq$HFAlwV9wDyTGMgwhcnD5mrAuhAXZq/Vmr8wzyTs5rwQ=	2023-02-25 16:14:06.401329+00	f	firstuser			firstuser@email.com	f	t	2023-02-23 23:10:31.019849+00
\.


--
-- Data for Name: auth_user_groups; Type: TABLE DATA; Schema: public; Owner: postgres
--

COPY public.auth_user_groups (id, user_id, group_id) FROM stdin;
\.


--
-- Data for Name: auth_user_user_permissions; Type: TABLE DATA; Schema: public; Owner: postgres
--

COPY public.auth_user_user_permissions (id, user_id, permission_id) FROM stdin;
\.


--
-- Data for Name: charts_chart; Type: TABLE DATA; Schema: public; Owner: postgres
--

COPY public.charts_chart (id, decade, image) FROM stdin;
1	1950's	chart_images/1950s.jpeg
2	1960's	chart_images/1960s.jpeg
3	1970's	chart_images/1970s.jpeg
4	1980's	chart_images/1980s.jpeg
5	1990's	chart_images/1990s.jpeg
6	2000's	chart_images/2000s.jpeg
7	2010's	chart_images/2010s.jpeg
\.


--
-- Data for Name: charts_song; Type: TABLE DATA; Schema: public; Owner: postgres
--

COPY public.charts_song (id, title, artist, video_link, decade_id, rank) FROM stdin;
43	I'll Make Love to You	Boyz II Men	https://www.youtube.com/embed/fV8vB1BB2qc	5	3
44	Macarena (Bayside Boys Mix)	Los Del Rio	https://www.youtube.com/embed/zWaymcVmJ-A	5	4
45	Candle in the Wind	Elton John	https://www.youtube.com/embed/NoOhnrjdYOc	5	5
46	End of the Road	Boyz II Men	https://www.youtube.com/embed/zDKO6XYXioc	5	6
1	Goodnight Irene	Gordon Jenkins and The Weavers	https://www.youtube.com/embed/saykpHOm5fc	1	1
2	The Third Man Theme	Anton Karas	https://www.youtube.com/embed/4vLXDfy4Zdc	1	2
3	Cry	Johnnie Ray and The Four Lads	https://youtube.com/embed/Iob-_shdLQ0	1	3
4	Vaya Con Dios (May God Be With You)	Les Paul and Mary Ford	https://www.youtube.com/embed/QqZ0Sdz_V40	1	4
5	Hound Dog	Elvis Presley	https://www.youtube.com/embed/-eHJ12Vhpyc	1	5
6	Where Is Your Heart	Percy Faith	https://www.youtube.com/embed/LPDF2ORPOFQ	1	6
7	Cherry Pink And Apple Blossom White	Perez Prado	https://www.youtube.com/embed/zj64NlRnpDY	1	7
8	The Tennessee Waltz	Patti Page	https://www.youtube.com/embed/-XCvfy6Huyc	1	8
9	How High The Moon	Les Paul and Mary Ford	https://www.youtube.com/embed/NkGf1GHAxhE	1	9
10	Wheel of Fortune	Kay Starr	https://www.youtube.com/embed/OeIce5NsWKk	1	10
11	The Twist	Chubby Checker	https://www.youtube.com/embed/-CCgDvUM4TM	2	1
12	Hey Jude	The Beatles	https://www.youtube.com/embed/A_MjCqQoLLA	2	2
13	The Theme From ‘A Summer Place,’	Percy Faith And His Orchestra	https://www.youtube.com/embed/tSsiS-v6_6M	2	3
14	Tossin’ And Turnin	Bobby Lewis	https://www.youtube.com/embed/gRe9WS2Ag_c	2	4
15	I Want To Hold Your Hand	The Beatles	https://www.youtube.com/embed/jenWdylTtzs	2	5
16	I’m A Believer	The Monkees	https://www.youtube.com/embed/wB9YIsKIEbA	2	6
17	Aquarius/Let The Sunshine In	The 5th Dimension	https://www.youtube.com/embed/VlrQ-bOzpkQ	2	7
18	Sugar, Sugar	The Archies	https://www.youtube.com/embed/4wUlBhnxOX4	2	8
19	I Heard It Through The Grapevine	Marvin Gaye	https://www.youtube.com/embed/VWG3npfEoHo	2	9
20	Are You Lonesome Tonight?	Elvis Presley With The Jordanaires	https://www.youtube.com/embed/9XVdtX7uSnk	2	10
21	Bohemian Rhapsody	Queen	https://www.youtube.com/embed/fJ9rUzIMcZQ	3	1
22	Mull of Kintyre/Girl's School	Wings	https://www.youtube.com/embed/Plhtk_XJqhM	3	2
23	You're the One That I Want	John Travolta and Olivia Newton-John	https://www.youtube.com/embed/e__Pp4FxsjU	3	3
24	Rivers of Babylon/Brown Girl in the Ring	Boney M	https://www.youtube.com/embed/l3QxT-w3WMo	3	4
25	Mary's Boy Child/Oh My Lord	Boney M	https://www.youtube.com/embed/cmm1gt_2SkQ	3	5
26	Imagine	John Lennon	https://www.youtube.com/embed/YkgkThdzX-8	3	6
27	Summer Nights	John Travolta and Olivia Newton-John	https://www.youtube.com/embed/A_J2bcNx3Gw	3	7
28	YMCA	Village People	https://www.youtube.com/embed/CS9OO0S5w2k	3	8
29	Heart Of Glass	Blondie	https://www.youtube.com/embed/WGU_4-5RaxU	3	9
30	Merry Xmas Everbody	Slade	https://www.youtube.com/embed/PTslBTBl1X8	3	10
31	Gloria	Laura Branigan	https://www.youtube.com/embed/nNEb2k_EmMg	4	1
32	Bust a Move	Young M.C.	https://www.youtube.com/embed/xy4FXhkm6Nw	4	2
33	Jessie's Girl	Rick Springfield	https://www.youtube.com/embed/qYkbTyHXwbs	4	3
34	Another One Bites the Dust	Queen	https://www.youtube.com/embed/rY0WxgSXdEE	4	4
35	Hurts So Good	John Cougar (Mellencamp)	https://www.youtube.com/embed/4dOsbsuhYGQ	4	5
36	Red Red Wine	UB40	https://www.youtube.com/embed/zXt56MB-3vc	4	6
37	Physical	Olivia Newton-John	https://www.youtube.com/embed/vWz9VN40nCA	4	7
38	Celebration	Kool & The Gang	https://www.youtube.com/embed/3GwjfUFyY6M	4	8
39	Into The Night	Benny Mardones	https://www.youtube.com/embed/zWHjJt4833I	4	9
40	What About Me	Moving Pictures	https://www.youtube.com/embed/OzQKECQgjW8	4	10
41	One Sweet Day	Mariah Carey & Boyz II Men	https://www.youtube.com/embed/UXxRyNvTPr8	5	1
42	I Will Always Love You	Whitney Houston	https://www.youtube.com/embed/3JWTaaS7LdU	5	2
47	The Boy is Mine	Brandy & Monica	https://www.youtube.com/embed/qSIOp_K5GMw	5	7
48	I Swear	All-4-One	https://www.youtube.com/embed/25rL-ooWICU	5	8
49	Un-Break My Heart	Tony Braxton	https://www.youtube.com/embed/p2Rch6WvPJE	5	9
50	I'll Be Missing You	Puff Daddy & Faith Evans ft. 112	https://www.youtube.com/embed/NKMtZm2YuBE	5	10
51	We Belong Together	Mariah Carey	https://www.youtube.com/embed/0habxsuXW4g	6	1
52	I Gotta Feeling	The Black Eyed Peas	https://www.youtube.com/embed/uSD4vsh1zDA	6	2
53	Lose Yourself	Eminem	https://www.youtube.com/embed/tR1ECf4sEpw	6	3
54	Yeah!	Usher ft. Lil Jon & Ludacris	https://www.youtube.com/embed/GxBSyx85Kp8	6	4
55	Boom Boom Pow	The Black Eyed Peas	https://www.youtube.com/embed/4m48GqaOz90	6	5
57	Maria Maria	Santana ft. The Product G&B	https://www.youtube.com/embed/nPLV7lGbmT4	6	7
58	Foolish	Ashanti	https://www.youtube.com/embed/gUPrnu3BEU8	6	8
59	Dilemma	Nelly ft. Kelly Rowland	https://www.youtube.com/embed/8WYHDfJDPDc	6	9
60	Gold Digger	Kanye West ft. Jamie Foxx	https://www.youtube.com/embed/6vwNcNOTVzY	6	10
61	Old Town Road	Lil Nas X ft. Billy Ray Cyrus	https://www.youtube.com/embed/r7qovpFAGrQ	7	1
62	Despacito	Luis Fonsi and Daddy Yankee ft. Justin Bieber	https://www.youtube.com/embed/dr_GAJZviR0	7	2
63	Uptown Funk	Mark Ronson ft. Bruno Mars	https://www.youtube.com/embed/OPf0YbXqDm0	7	3
64	Blurred Lines	Robin Thicke ft. T.I. and Pharrell Williams	https://www.youtube.com/embed/yyDUC1LUXSU	7	4
65	See You Again	Wiz Khalifa and Charlie Puth	https://www.youtube.com/embed/RgKAFK5djSk	7	5
66	Closer	The Chainsmokers ft. Halsey	https://www.youtube.com/embed/PT2_F-1esPk	7	6
67	Shape of You	Ed Sheeran	https://www.youtube.com/embed/JGwWNGJdvx8	7	7
68	God's Plan	Drake	https://www.youtube.com/embed/xpVfcZ0ZcFM	7	8
69	We Found Love	Rihanna ft. Calvin Harris	https://www.youtube.com/embed/tg00YEETFzg	7	9
70	Happy	Pharrell Williams	https://www.youtube.com/embed/ZbZSe6N_BXs	7	10
56	Independent Women	Destiny's Child	https://www.youtube.com/embed/0lPQZni7I18	6	6
\.


--
-- Data for Name: discussions_post; Type: TABLE DATA; Schema: public; Owner: postgres
--

COPY public.discussions_post (id, content, created_at, created_by_id, topic_id) FROM stdin;
1	I agree! He was so iconic for the age... a shame.	2023-02-25 01:35:59.878255+00	2	1
2	Hell yeah brother	2023-02-25 05:50:44.371115+00	3	4
\.


--
-- Data for Name: discussions_topic; Type: TABLE DATA; Schema: public; Owner: postgres
--

COPY public.discussions_topic (id, created_at, updated_at, decade_id, name, created_by_id) FROM stdin;
1	2023-02-24 22:46:33.426733+00	2023-02-24 22:46:33.426754+00	1	Elvis deserves some more recognition!	1
2	2023-02-24 23:52:14.823131+00	2023-02-24 23:52:14.823156+00	7	Drake is surprisingly absent on this list... and even low!	1
3	2023-02-25 05:24:40.321439+00	2023-02-25 05:24:40.321458+00	1	What a time to be alive... Do you all agree with this number one??	2
4	2023-02-25 05:47:28.555344+00	2023-02-25 05:47:28.555364+00	3	Grease Lightning, Go Grease Lightning	3
\.


--
-- Data for Name: django_admin_log; Type: TABLE DATA; Schema: public; Owner: postgres
--

COPY public.django_admin_log (id, action_time, object_id, object_repr, action_flag, change_message, content_type_id, user_id) FROM stdin;
1	2023-02-21 17:21:34.849812+00	1	1950's	1	[{"added": {}}]	8	1
2	2023-02-21 17:21:38.614666+00	2	1960's	1	[{"added": {}}]	8	1
3	2023-02-21 17:21:41.520663+00	3	1970's	1	[{"added": {}}]	8	1
4	2023-02-21 17:21:46.074307+00	4	1980's	1	[{"added": {}}]	8	1
5	2023-02-21 17:21:49.751455+00	5	1990's	1	[{"added": {}}]	8	1
6	2023-02-21 17:21:54.090021+00	6	2000's	1	[{"added": {}}]	8	1
7	2023-02-21 17:21:56.778863+00	7	2010's	1	[{"added": {}}]	8	1
8	2023-02-21 17:30:33.694832+00	1	"Goodnight Irene" by Gordon Jenkins and The Weavers - 1950's	1	[{"added": {}}]	7	1
9	2023-02-21 17:31:36.772459+00	2	"The Third Man Theme" by Anton Karas - 1950's	1	[{"added": {}}]	7	1
10	2023-02-21 17:32:16.336729+00	3	"Cry" by Johnnie Ray and The Four Lads - 1950's	1	[{"added": {}}]	7	1
11	2023-02-21 17:34:51.641616+00	4	"Vaya Con Dios (May God Be With You)" by Les Paul and Mary Ford - 1950's	1	[{"added": {}}]	7	1
12	2023-02-21 18:45:38.675221+00	4	"Vaya Con Dios (May God Be With You)" by Les Paul and Mary Ford	2	[{"changed": {"fields": ["Video link"]}}]	7	1
13	2023-02-21 18:47:08.803824+00	3	"Cry" by Johnnie Ray and The Four Lads	2	[{"changed": {"fields": ["Video link"]}}]	7	1
14	2023-02-21 18:55:03.61256+00	1	"Goodnight Irene" by Gordon Jenkins and The Weavers	2	[{"changed": {"fields": ["Video link"]}}]	7	1
15	2023-02-21 18:56:45.32257+00	2	"The Third Man Theme" by Anton Karas	2	[{"changed": {"fields": ["Video link"]}}]	7	1
16	2023-02-21 20:18:08.046947+00	5	"Hound Dog" by Elvis Presley	1	[{"added": {}}]	7	1
17	2023-02-21 20:19:14.103685+00	6	"Where Is Your Heart" by Percy Faith	1	[{"added": {}}]	7	1
18	2023-02-21 20:20:21.632088+00	7	"Cherry Pink And Apple Blossom White" by Perez Prado	1	[{"added": {}}]	7	1
19	2023-02-21 20:21:13.796409+00	8	"The Tennessee Waltz" by Patti Page	1	[{"added": {}}]	7	1
20	2023-02-21 20:22:03.402058+00	9	"How High The Moon" by Les Paul and Mary Ford	1	[{"added": {}}]	7	1
21	2023-02-21 20:22:52.891951+00	10	"Wheel of Fortune" by Kay Starr	1	[{"added": {}}]	7	1
22	2023-02-21 22:57:26.8504+00	1	"Goodnight Irene" by Gordon Jenkins and The Weavers - 1, 1950's	1	[{"added": {}}]	9	1
23	2023-02-21 22:57:42.819579+00	2	"The Third Man Theme" by Anton Karas - 2, 1950's	1	[{"added": {}}]	9	1
24	2023-02-21 22:57:55.02318+00	3	"Cry" by Johnnie Ray and The Four Lads - 3, 1950's	1	[{"added": {}}]	9	1
25	2023-02-21 22:58:08.974124+00	4	"Vaya Con Dios (May God Be With You)" by Les Paul and Mary Ford - 4, 1950's	1	[{"added": {}}]	9	1
26	2023-02-21 22:58:16.051517+00	5	"Hound Dog" by Elvis Presley - 5, 1950's	1	[{"added": {}}]	9	1
27	2023-02-21 22:58:23.320316+00	6	"Where Is Your Heart" by Percy Faith - 6, 1950's	1	[{"added": {}}]	9	1
28	2023-02-21 22:58:36.486342+00	7	"Cherry Pink And Apple Blossom White" by Perez Prado - 7, 1950's	1	[{"added": {}}]	9	1
29	2023-02-21 22:58:45.90444+00	8	"The Tennessee Waltz" by Patti Page - 8, 1950's	1	[{"added": {}}]	9	1
30	2023-02-21 22:59:00.272659+00	9	"How High The Moon" by Les Paul and Mary Ford - 9, 1950's	1	[{"added": {}}]	9	1
31	2023-02-21 22:59:09.515417+00	10	"Wheel of Fortune" by Kay Starr - 10, 1950's	1	[{"added": {}}]	9	1
32	2023-02-22 00:31:31.149974+00	1	"Goodnight Irene" by Gordon Jenkins and The Weavers	2	[{"changed": {"fields": ["Rank"]}}]	7	1
33	2023-02-22 00:31:35.657987+00	2	"The Third Man Theme" by Anton Karas	2	[{"changed": {"fields": ["Rank"]}}]	7	1
34	2023-02-22 00:31:41.515964+00	3	"Cry" by Johnnie Ray and The Four Lads	2	[{"changed": {"fields": ["Rank"]}}]	7	1
35	2023-02-22 00:31:45.796329+00	4	"Vaya Con Dios (May God Be With You)" by Les Paul and Mary Ford	2	[{"changed": {"fields": ["Rank"]}}]	7	1
36	2023-02-22 00:31:50.917702+00	5	"Hound Dog" by Elvis Presley	2	[{"changed": {"fields": ["Rank"]}}]	7	1
37	2023-02-22 00:31:55.728726+00	6	"Where Is Your Heart" by Percy Faith	2	[{"changed": {"fields": ["Rank"]}}]	7	1
38	2023-02-22 00:32:00.386407+00	7	"Cherry Pink And Apple Blossom White" by Perez Prado	2	[{"changed": {"fields": ["Rank"]}}]	7	1
39	2023-02-22 00:32:05.461482+00	8	"The Tennessee Waltz" by Patti Page	2	[{"changed": {"fields": ["Rank"]}}]	7	1
40	2023-02-22 00:32:09.156969+00	9	"How High The Moon" by Les Paul and Mary Ford	2	[{"changed": {"fields": ["Rank"]}}]	7	1
41	2023-02-22 00:32:12.670184+00	10	"Wheel of Fortune" by Kay Starr	2	[{"changed": {"fields": ["Rank"]}}]	7	1
42	2023-02-22 00:33:23.919642+00	11	"The Twist" by Chubby Checker	1	[{"added": {}}]	7	1
43	2023-02-22 00:35:16.179793+00	12	"Hey Jude" by The Beatles	1	[{"added": {}}]	7	1
44	2023-02-22 00:36:06.505671+00	13	"The Theme From ‘A Summer Place,’" by Percy Faith And His Orchestra	1	[{"added": {}}]	7	1
45	2023-02-22 00:36:47.488481+00	14	"Tossin’ And Turnin" by Bobby Lewis	1	[{"added": {}}]	7	1
46	2023-02-22 00:37:25.128326+00	15	"I Want To Hold Your Hand" by The Beatles	1	[{"added": {}}]	7	1
47	2023-02-22 00:38:15.930262+00	16	"I’m A Believer" by The Monkees	1	[{"added": {}}]	7	1
48	2023-02-22 00:39:04.70288+00	17	"Aquarius/Let The Sunshine In" by The 5th Dimension	1	[{"added": {}}]	7	1
49	2023-02-22 00:39:49.94316+00	18	"Sugar, Sugar" by The Archies	1	[{"added": {}}]	7	1
50	2023-02-22 00:40:43.468407+00	19	"I Heard It Through The Grapevine" by Marvin Gaye	1	[{"added": {}}]	7	1
51	2023-02-22 00:41:21.200901+00	20	"Are You Lonesome Tonight?" by Elvis Presley With The Jordanaires	1	[{"added": {}}]	7	1
52	2023-02-23 20:07:40.331379+00	21	"Bohemian Rhapsody" by Queen	1	[{"added": {}}]	7	1
53	2023-02-23 20:08:39.04754+00	22	"Mull of Kintyre/Girl's School" by Wings	1	[{"added": {}}]	7	1
54	2023-02-23 20:09:42.617896+00	23	"You're the One That I Want" by John Travolta and Olivia Newton-John	1	[{"added": {}}]	7	1
55	2023-02-23 20:10:24.698361+00	24	"Rivers of Babylon/Brown Girl in the Ring" by Boney M	1	[{"added": {}}]	7	1
56	2023-02-23 20:11:04.783315+00	25	"Mary's Boy Child/Oh My Lord" by Boney M	1	[{"added": {}}]	7	1
57	2023-02-23 20:11:51.041015+00	26	"Imagine" by John Lennon	1	[{"added": {}}]	7	1
58	2023-02-23 20:12:31.778077+00	27	"Summer Nights" by John Travolta and Olivia Newton-John	1	[{"added": {}}]	7	1
59	2023-02-23 20:13:12.476886+00	28	"YMCA" by Village People	1	[{"added": {}}]	7	1
60	2023-02-23 20:13:48.325916+00	29	"Heart Of Glass" by Blondie	1	[{"added": {}}]	7	1
61	2023-02-23 20:14:35.064568+00	30	"Merry Xmas Everbody" by Slade	1	[{"added": {}}]	7	1
62	2023-02-23 20:21:16.411054+00	31	"Gloria" by Laura Branigan	1	[{"added": {}}]	7	1
63	2023-02-23 20:21:59.201583+00	32	"Bust a Move" by Young M.C.	1	[{"added": {}}]	7	1
64	2023-02-23 20:22:44.468943+00	33	"Jessie's Girl" by Rick Springfield	1	[{"added": {}}]	7	1
65	2023-02-23 20:23:21.150135+00	34	"Another One Bites the Dust" by Queen	1	[{"added": {}}]	7	1
66	2023-02-23 20:24:33.427757+00	35	"Hurts So Good" by John Cougar (Mellencamp)	1	[{"added": {}}]	7	1
67	2023-02-23 20:25:10.521205+00	36	"Red Red Wine" by UB40	1	[{"added": {}}]	7	1
68	2023-02-23 20:26:01.588672+00	37	"Physical" by Olivia Newton-John	1	[{"added": {}}]	7	1
69	2023-02-23 20:26:40.756792+00	38	"Celebration" by Kool & The Gang	1	[{"added": {}}]	7	1
70	2023-02-23 20:27:16.993331+00	39	"Into The Night" by Benny Mardones	1	[{"added": {}}]	7	1
71	2023-02-23 20:28:17.204132+00	40	"What About Me" by Moving Pictures	1	[{"added": {}}]	7	1
72	2023-02-23 20:32:29.254546+00	41	"One Sweet Day" by Mariah Carey & Boyz II Men	1	[{"added": {}}]	7	1
73	2023-02-23 20:33:10.549069+00	42	"I Will Always Love You" by Whitney Houston	1	[{"added": {}}]	7	1
74	2023-02-23 20:33:47.897939+00	43	"I'll Make Love to You" by Boyz II Men	1	[{"added": {}}]	7	1
75	2023-02-23 20:34:46.532118+00	44	"Macarena (Bayside Boys Mix)" by Los Del Rio	1	[{"added": {}}]	7	1
76	2023-02-23 20:35:18.98913+00	45	"Candle in the Wind" by Elton John	1	[{"added": {}}]	7	1
77	2023-02-23 20:36:00.953242+00	46	"End of the Road" by Boyz II Men	1	[{"added": {}}]	7	1
78	2023-02-23 20:36:47.897744+00	47	"The Boy is Mine" by Brandy & Monica	1	[{"added": {}}]	7	1
79	2023-02-23 20:37:22.301195+00	48	"I Swear" by All-4-One	1	[{"added": {}}]	7	1
80	2023-02-23 20:37:54.963569+00	49	"Un-Break My Heart" by Tony Braxton	1	[{"added": {}}]	7	1
81	2023-02-23 20:38:38.800986+00	50	"I'll Be Missing You" by Puff Daddy & Faith Evans ft. 112	1	[{"added": {}}]	7	1
82	2023-02-23 20:38:53.853167+00	50	"I'll Be Missing You" by Puff Daddy & Faith Evans ft. 112	2	[{"changed": {"fields": ["Rank"]}}]	7	1
83	2023-02-23 20:40:29.328349+00	51	"We Belong Together" by Mariah Carey	1	[{"added": {}}]	7	1
84	2023-02-23 20:41:01.225196+00	52	"I Gotta Feeling" by The Black Eyed Peas	1	[{"added": {}}]	7	1
85	2023-02-23 20:41:43.297753+00	53	"Lose Yourself" by Eminem	1	[{"added": {}}]	7	1
86	2023-02-23 20:42:22.953674+00	54	"Yeah!" by Usher ft. Lil Jon & Ludacris	1	[{"added": {}}]	7	1
87	2023-02-23 20:43:29.773361+00	55	"Boom Boom Pow" by The Black Eyed Peas	1	[{"added": {}}]	7	1
88	2023-02-23 20:44:20.58109+00	56	"Independent Women" by Destiny's Child	1	[{"added": {}}]	7	1
89	2023-02-23 20:45:08.122373+00	57	"Maria Maria" by Santana ft. The Product G&B	1	[{"added": {}}]	7	1
90	2023-02-23 20:45:36.845055+00	58	"Foolish" by Ashanti	1	[{"added": {}}]	7	1
91	2023-02-23 20:46:08.447362+00	59	"Dilemma" by Nelly ft. Kelly Rowland	1	[{"added": {}}]	7	1
92	2023-02-23 20:46:44.448214+00	60	"Gold Digger" by Kanye West ft. Jamie Foxx	1	[{"added": {}}]	7	1
93	2023-02-23 20:47:58.115326+00	61	"Old Town Road" by Lil Nas X ft. Billy Ray Cyrus	1	[{"added": {}}]	7	1
94	2023-02-23 20:49:12.203609+00	62	"Despacito" by Luis Fonsi and Daddy Yankee ft. Justin Bieber	1	[{"added": {}}]	7	1
95	2023-02-23 20:49:55.486502+00	63	"Uptown Funk" by Mark Ronson ft. Bruno Mars	1	[{"added": {}}]	7	1
96	2023-02-23 20:50:56.887914+00	64	"Blurred Lines" by Robin Thicke ft. T.I. and Pharrell Williams	1	[{"added": {}}]	7	1
97	2023-02-23 20:51:35.327808+00	65	"See You Again" by Wiz Khalifa and Charlie Puth	1	[{"added": {}}]	7	1
98	2023-02-23 20:52:07.342985+00	66	"Closer" by The Chainsmokers ft. Halsey	1	[{"added": {}}]	7	1
99	2023-02-23 20:52:49.744854+00	67	"Shape of You" by Ed Sheeran	1	[{"added": {}}]	7	1
100	2023-02-23 20:53:20.044607+00	68	"God's Plan" by Drake	1	[{"added": {}}]	7	1
101	2023-02-23 20:53:56.795618+00	69	"We Found Love" by Rihanna ft. Calvin Harris	1	[{"added": {}}]	7	1
102	2023-02-23 20:54:27.423846+00	70	"Happy" by Pharrell Williams	1	[{"added": {}}]	7	1
103	2023-02-23 21:59:29.049545+00	56	"Independent Women" by Destiny's Child	2	[{"changed": {"fields": ["Rank"]}}]	7	1
104	2023-02-23 22:00:57.07678+00	1	1950's	2	[{"changed": {"fields": ["Image"]}}]	8	1
105	2023-02-23 22:01:04.785465+00	2	1960's	2	[{"changed": {"fields": ["Image"]}}]	8	1
106	2023-02-23 22:01:15.567243+00	3	1970's	2	[{"changed": {"fields": ["Image"]}}]	8	1
107	2023-02-23 22:01:21.718829+00	4	1980's	2	[{"changed": {"fields": ["Image"]}}]	8	1
108	2023-02-23 22:01:28.748495+00	5	1990's	2	[{"changed": {"fields": ["Image"]}}]	8	1
109	2023-02-23 22:01:34.540165+00	6	2000's	2	[{"changed": {"fields": ["Image"]}}]	8	1
110	2023-02-23 22:01:40.617507+00	7	2010's	2	[{"changed": {"fields": ["Image"]}}]	8	1
111	2023-02-25 01:36:18.920775+00	1	Post object (1)	2	[{"changed": {"fields": ["Created by"]}}]	11	1
112	2023-02-25 05:36:31.616106+00	1	Post object (1)	2	[{"changed": {"fields": ["Topic"]}}]	11	1
\.


--
-- Data for Name: django_content_type; Type: TABLE DATA; Schema: public; Owner: postgres
--

COPY public.django_content_type (id, app_label, model) FROM stdin;
1	admin	logentry
2	auth	permission
3	auth	group
4	auth	user
5	contenttypes	contenttype
6	sessions	session
7	charts	song
8	charts	chart
9	charts	chartsong
10	discussions	topic
11	discussions	post
\.


--
-- Data for Name: django_migrations; Type: TABLE DATA; Schema: public; Owner: postgres
--

COPY public.django_migrations (id, app, name, applied) FROM stdin;
1	contenttypes	0001_initial	2023-02-20 22:59:10.679162+00
2	auth	0001_initial	2023-02-20 22:59:10.778617+00
3	admin	0001_initial	2023-02-20 22:59:10.80423+00
4	admin	0002_logentry_remove_auto_add	2023-02-20 22:59:10.815583+00
5	admin	0003_logentry_add_action_flag_choices	2023-02-20 22:59:10.826723+00
6	contenttypes	0002_remove_content_type_name	2023-02-20 22:59:10.848603+00
7	auth	0002_alter_permission_name_max_length	2023-02-20 22:59:10.858877+00
8	auth	0003_alter_user_email_max_length	2023-02-20 22:59:10.871074+00
9	auth	0004_alter_user_username_opts	2023-02-20 22:59:10.884027+00
10	auth	0005_alter_user_last_login_null	2023-02-20 22:59:10.894993+00
11	auth	0006_require_contenttypes_0002	2023-02-20 22:59:10.900683+00
12	auth	0007_alter_validators_add_error_messages	2023-02-20 22:59:10.915222+00
13	auth	0008_alter_user_username_max_length	2023-02-20 22:59:10.932945+00
14	auth	0009_alter_user_last_name_max_length	2023-02-20 22:59:10.947912+00
15	auth	0010_alter_group_name_max_length	2023-02-20 22:59:10.959894+00
16	auth	0011_update_proxy_permissions	2023-02-20 22:59:10.971406+00
17	auth	0012_alter_user_first_name_max_length	2023-02-20 22:59:10.986795+00
18	sessions	0001_initial	2023-02-20 22:59:11.011082+00
19	charts	0001_initial	2023-02-21 17:20:22.859968+00
20	charts	0002_song_rank	2023-02-21 17:27:50.232137+00
21	charts	0003_alter_song_album_alter_song_video_link	2023-02-21 17:29:28.048953+00
22	charts	0004_alter_song_album	2023-02-21 17:30:28.975407+00
23	charts	0005_alter_song_rank	2023-02-21 17:33:23.160496+00
24	charts	0006_remove_song_rank_chartsong	2023-02-21 22:55:38.230227+00
25	charts	0007_song_rank_alter_song_decade_delete_chartsong	2023-02-22 00:26:38.463622+00
26	charts	0008_alter_song_decade	2023-02-22 00:29:09.871349+00
27	charts	0009_remove_song_album_chart_image	2023-02-23 21:44:57.11132+00
28	discussions	0001_initial	2023-02-24 18:44:22.044804+00
29	discussions	0002_topic_name	2023-02-24 19:00:40.663661+00
30	discussions	0003_remove_topic_members_topic_created_by	2023-02-24 22:44:49.539228+00
\.


--
-- Data for Name: django_session; Type: TABLE DATA; Schema: public; Owner: postgres
--

COPY public.django_session (session_key, session_data, expire_date) FROM stdin;
\.


--
-- Name: auth_group_id_seq; Type: SEQUENCE SET; Schema: public; Owner: postgres
--

SELECT pg_catalog.setval('public.auth_group_id_seq', 1, false);


--
-- Name: auth_group_permissions_id_seq; Type: SEQUENCE SET; Schema: public; Owner: postgres
--

SELECT pg_catalog.setval('public.auth_group_permissions_id_seq', 1, false);


--
-- Name: auth_permission_id_seq; Type: SEQUENCE SET; Schema: public; Owner: postgres
--

SELECT pg_catalog.setval('public.auth_permission_id_seq', 44, true);


--
-- Name: auth_user_groups_id_seq; Type: SEQUENCE SET; Schema: public; Owner: postgres
--

SELECT pg_catalog.setval('public.auth_user_groups_id_seq', 1, false);


--
-- Name: auth_user_id_seq; Type: SEQUENCE SET; Schema: public; Owner: postgres
--

SELECT pg_catalog.setval('public.auth_user_id_seq', 3, true);


--
-- Name: auth_user_user_permissions_id_seq; Type: SEQUENCE SET; Schema: public; Owner: postgres
--

SELECT pg_catalog.setval('public.auth_user_user_permissions_id_seq', 1, false);


--
-- Name: charts_chart_id_seq; Type: SEQUENCE SET; Schema: public; Owner: postgres
--

SELECT pg_catalog.setval('public.charts_chart_id_seq', 7, true);


--
-- Name: charts_song_id_seq; Type: SEQUENCE SET; Schema: public; Owner: postgres
--

SELECT pg_catalog.setval('public.charts_song_id_seq', 70, true);


--
-- Name: discussions_post_id_seq; Type: SEQUENCE SET; Schema: public; Owner: postgres
--

SELECT pg_catalog.setval('public.discussions_post_id_seq', 2, true);


--
-- Name: discussions_topic_id_seq; Type: SEQUENCE SET; Schema: public; Owner: postgres
--

SELECT pg_catalog.setval('public.discussions_topic_id_seq', 4, true);


--
-- Name: django_admin_log_id_seq; Type: SEQUENCE SET; Schema: public; Owner: postgres
--

SELECT pg_catalog.setval('public.django_admin_log_id_seq', 112, true);


--
-- Name: django_content_type_id_seq; Type: SEQUENCE SET; Schema: public; Owner: postgres
--

SELECT pg_catalog.setval('public.django_content_type_id_seq', 11, true);


--
-- Name: django_migrations_id_seq; Type: SEQUENCE SET; Schema: public; Owner: postgres
--

SELECT pg_catalog.setval('public.django_migrations_id_seq', 30, true);


--
-- Name: auth_group auth_group_name_key; Type: CONSTRAINT; Schema: public; Owner: postgres
--

ALTER TABLE ONLY public.auth_group
    ADD CONSTRAINT auth_group_name_key UNIQUE (name);


--
-- Name: auth_group_permissions auth_group_permissions_group_id_permission_id_0cd325b0_uniq; Type: CONSTRAINT; Schema: public; Owner: postgres
--

ALTER TABLE ONLY public.auth_group_permissions
    ADD CONSTRAINT auth_group_permissions_group_id_permission_id_0cd325b0_uniq UNIQUE (group_id, permission_id);


--
-- Name: auth_group_permissions auth_group_permissions_pkey; Type: CONSTRAINT; Schema: public; Owner: postgres
--

ALTER TABLE ONLY public.auth_group_permissions
    ADD CONSTRAINT auth_group_permissions_pkey PRIMARY KEY (id);


--
-- Name: auth_group auth_group_pkey; Type: CONSTRAINT; Schema: public; Owner: postgres
--

ALTER TABLE ONLY public.auth_group
    ADD CONSTRAINT auth_group_pkey PRIMARY KEY (id);


--
-- Name: auth_permission auth_permission_content_type_id_codename_01ab375a_uniq; Type: CONSTRAINT; Schema: public; Owner: postgres
--

ALTER TABLE ONLY public.auth_permission
    ADD CONSTRAINT auth_permission_content_type_id_codename_01ab375a_uniq UNIQUE (content_type_id, codename);


--
-- Name: auth_permission auth_permission_pkey; Type: CONSTRAINT; Schema: public; Owner: postgres
--

ALTER TABLE ONLY public.auth_permission
    ADD CONSTRAINT auth_permission_pkey PRIMARY KEY (id);


--
-- Name: auth_user_groups auth_user_groups_pkey; Type: CONSTRAINT; Schema: public; Owner: postgres
--

ALTER TABLE ONLY public.auth_user_groups
    ADD CONSTRAINT auth_user_groups_pkey PRIMARY KEY (id);


--
-- Name: auth_user_groups auth_user_groups_user_id_group_id_94350c0c_uniq; Type: CONSTRAINT; Schema: public; Owner: postgres
--

ALTER TABLE ONLY public.auth_user_groups
    ADD CONSTRAINT auth_user_groups_user_id_group_id_94350c0c_uniq UNIQUE (user_id, group_id);


--
-- Name: auth_user auth_user_pkey; Type: CONSTRAINT; Schema: public; Owner: postgres
--

ALTER TABLE ONLY public.auth_user
    ADD CONSTRAINT auth_user_pkey PRIMARY KEY (id);


--
-- Name: auth_user_user_permissions auth_user_user_permissions_pkey; Type: CONSTRAINT; Schema: public; Owner: postgres
--

ALTER TABLE ONLY public.auth_user_user_permissions
    ADD CONSTRAINT auth_user_user_permissions_pkey PRIMARY KEY (id);


--
-- Name: auth_user_user_permissions auth_user_user_permissions_user_id_permission_id_14a6b632_uniq; Type: CONSTRAINT; Schema: public; Owner: postgres
--

ALTER TABLE ONLY public.auth_user_user_permissions
    ADD CONSTRAINT auth_user_user_permissions_user_id_permission_id_14a6b632_uniq UNIQUE (user_id, permission_id);


--
-- Name: auth_user auth_user_username_key; Type: CONSTRAINT; Schema: public; Owner: postgres
--

ALTER TABLE ONLY public.auth_user
    ADD CONSTRAINT auth_user_username_key UNIQUE (username);


--
-- Name: charts_chart charts_chart_pkey; Type: CONSTRAINT; Schema: public; Owner: postgres
--

ALTER TABLE ONLY public.charts_chart
    ADD CONSTRAINT charts_chart_pkey PRIMARY KEY (id);


--
-- Name: charts_song charts_song_pkey; Type: CONSTRAINT; Schema: public; Owner: postgres
--

ALTER TABLE ONLY public.charts_song
    ADD CONSTRAINT charts_song_pkey PRIMARY KEY (id);


--
-- Name: discussions_post discussions_post_pkey; Type: CONSTRAINT; Schema: public; Owner: postgres
--

ALTER TABLE ONLY public.discussions_post
    ADD CONSTRAINT discussions_post_pkey PRIMARY KEY (id);


--
-- Name: discussions_topic discussions_topic_pkey; Type: CONSTRAINT; Schema: public; Owner: postgres
--

ALTER TABLE ONLY public.discussions_topic
    ADD CONSTRAINT discussions_topic_pkey PRIMARY KEY (id);


--
-- Name: django_admin_log django_admin_log_pkey; Type: CONSTRAINT; Schema: public; Owner: postgres
--

ALTER TABLE ONLY public.django_admin_log
    ADD CONSTRAINT django_admin_log_pkey PRIMARY KEY (id);


--
-- Name: django_content_type django_content_type_app_label_model_76bd3d3b_uniq; Type: CONSTRAINT; Schema: public; Owner: postgres
--

ALTER TABLE ONLY public.django_content_type
    ADD CONSTRAINT django_content_type_app_label_model_76bd3d3b_uniq UNIQUE (app_label, model);


--
-- Name: django_content_type django_content_type_pkey; Type: CONSTRAINT; Schema: public; Owner: postgres
--

ALTER TABLE ONLY public.django_content_type
    ADD CONSTRAINT django_content_type_pkey PRIMARY KEY (id);


--
-- Name: django_migrations django_migrations_pkey; Type: CONSTRAINT; Schema: public; Owner: postgres
--

ALTER TABLE ONLY public.django_migrations
    ADD CONSTRAINT django_migrations_pkey PRIMARY KEY (id);


--
-- Name: django_session django_session_pkey; Type: CONSTRAINT; Schema: public; Owner: postgres
--

ALTER TABLE ONLY public.django_session
    ADD CONSTRAINT django_session_pkey PRIMARY KEY (session_key);


--
-- Name: auth_group_name_a6ea08ec_like; Type: INDEX; Schema: public; Owner: postgres
--

CREATE INDEX auth_group_name_a6ea08ec_like ON public.auth_group USING btree (name varchar_pattern_ops);


--
-- Name: auth_group_permissions_group_id_b120cbf9; Type: INDEX; Schema: public; Owner: postgres
--

CREATE INDEX auth_group_permissions_group_id_b120cbf9 ON public.auth_group_permissions USING btree (group_id);


--
-- Name: auth_group_permissions_permission_id_84c5c92e; Type: INDEX; Schema: public; Owner: postgres
--

CREATE INDEX auth_group_permissions_permission_id_84c5c92e ON public.auth_group_permissions USING btree (permission_id);


--
-- Name: auth_permission_content_type_id_2f476e4b; Type: INDEX; Schema: public; Owner: postgres
--

CREATE INDEX auth_permission_content_type_id_2f476e4b ON public.auth_permission USING btree (content_type_id);


--
-- Name: auth_user_groups_group_id_97559544; Type: INDEX; Schema: public; Owner: postgres
--

CREATE INDEX auth_user_groups_group_id_97559544 ON public.auth_user_groups USING btree (group_id);


--
-- Name: auth_user_groups_user_id_6a12ed8b; Type: INDEX; Schema: public; Owner: postgres
--

CREATE INDEX auth_user_groups_user_id_6a12ed8b ON public.auth_user_groups USING btree (user_id);


--
-- Name: auth_user_user_permissions_permission_id_1fbb5f2c; Type: INDEX; Schema: public; Owner: postgres
--

CREATE INDEX auth_user_user_permissions_permission_id_1fbb5f2c ON public.auth_user_user_permissions USING btree (permission_id);


--
-- Name: auth_user_user_permissions_user_id_a95ead1b; Type: INDEX; Schema: public; Owner: postgres
--

CREATE INDEX auth_user_user_permissions_user_id_a95ead1b ON public.auth_user_user_permissions USING btree (user_id);


--
-- Name: auth_user_username_6821ab7c_like; Type: INDEX; Schema: public; Owner: postgres
--

CREATE INDEX auth_user_username_6821ab7c_like ON public.auth_user USING btree (username varchar_pattern_ops);


--
-- Name: charts_song_decade_id_8e60c86c; Type: INDEX; Schema: public; Owner: postgres
--

CREATE INDEX charts_song_decade_id_8e60c86c ON public.charts_song USING btree (decade_id);


--
-- Name: discussions_post_created_by_id_f4394788; Type: INDEX; Schema: public; Owner: postgres
--

CREATE INDEX discussions_post_created_by_id_f4394788 ON public.discussions_post USING btree (created_by_id);


--
-- Name: discussions_post_topic_id_eefe3c70; Type: INDEX; Schema: public; Owner: postgres
--

CREATE INDEX discussions_post_topic_id_eefe3c70 ON public.discussions_post USING btree (topic_id);


--
-- Name: discussions_topic_created_by_id_d06cfeb0; Type: INDEX; Schema: public; Owner: postgres
--

CREATE INDEX discussions_topic_created_by_id_d06cfeb0 ON public.discussions_topic USING btree (created_by_id);


--
-- Name: discussions_topic_decade_id_32befb9a; Type: INDEX; Schema: public; Owner: postgres
--

CREATE INDEX discussions_topic_decade_id_32befb9a ON public.discussions_topic USING btree (decade_id);


--
-- Name: django_admin_log_content_type_id_c4bce8eb; Type: INDEX; Schema: public; Owner: postgres
--

CREATE INDEX django_admin_log_content_type_id_c4bce8eb ON public.django_admin_log USING btree (content_type_id);


--
-- Name: django_admin_log_user_id_c564eba6; Type: INDEX; Schema: public; Owner: postgres
--

CREATE INDEX django_admin_log_user_id_c564eba6 ON public.django_admin_log USING btree (user_id);


--
-- Name: django_session_expire_date_a5c62663; Type: INDEX; Schema: public; Owner: postgres
--

CREATE INDEX django_session_expire_date_a5c62663 ON public.django_session USING btree (expire_date);


--
-- Name: django_session_session_key_c0390e0f_like; Type: INDEX; Schema: public; Owner: postgres
--

CREATE INDEX django_session_session_key_c0390e0f_like ON public.django_session USING btree (session_key varchar_pattern_ops);


--
-- Name: auth_group_permissions auth_group_permissio_permission_id_84c5c92e_fk_auth_perm; Type: FK CONSTRAINT; Schema: public; Owner: postgres
--

ALTER TABLE ONLY public.auth_group_permissions
    ADD CONSTRAINT auth_group_permissio_permission_id_84c5c92e_fk_auth_perm FOREIGN KEY (permission_id) REFERENCES public.auth_permission(id) DEFERRABLE INITIALLY DEFERRED;


--
-- Name: auth_group_permissions auth_group_permissions_group_id_b120cbf9_fk_auth_group_id; Type: FK CONSTRAINT; Schema: public; Owner: postgres
--

ALTER TABLE ONLY public.auth_group_permissions
    ADD CONSTRAINT auth_group_permissions_group_id_b120cbf9_fk_auth_group_id FOREIGN KEY (group_id) REFERENCES public.auth_group(id) DEFERRABLE INITIALLY DEFERRED;


--
-- Name: auth_permission auth_permission_content_type_id_2f476e4b_fk_django_co; Type: FK CONSTRAINT; Schema: public; Owner: postgres
--

ALTER TABLE ONLY public.auth_permission
    ADD CONSTRAINT auth_permission_content_type_id_2f476e4b_fk_django_co FOREIGN KEY (content_type_id) REFERENCES public.django_content_type(id) DEFERRABLE INITIALLY DEFERRED;


--
-- Name: auth_user_groups auth_user_groups_group_id_97559544_fk_auth_group_id; Type: FK CONSTRAINT; Schema: public; Owner: postgres
--

ALTER TABLE ONLY public.auth_user_groups
    ADD CONSTRAINT auth_user_groups_group_id_97559544_fk_auth_group_id FOREIGN KEY (group_id) REFERENCES public.auth_group(id) DEFERRABLE INITIALLY DEFERRED;


--
-- Name: auth_user_groups auth_user_groups_user_id_6a12ed8b_fk_auth_user_id; Type: FK CONSTRAINT; Schema: public; Owner: postgres
--

ALTER TABLE ONLY public.auth_user_groups
    ADD CONSTRAINT auth_user_groups_user_id_6a12ed8b_fk_auth_user_id FOREIGN KEY (user_id) REFERENCES public.auth_user(id) DEFERRABLE INITIALLY DEFERRED;


--
-- Name: auth_user_user_permissions auth_user_user_permi_permission_id_1fbb5f2c_fk_auth_perm; Type: FK CONSTRAINT; Schema: public; Owner: postgres
--

ALTER TABLE ONLY public.auth_user_user_permissions
    ADD CONSTRAINT auth_user_user_permi_permission_id_1fbb5f2c_fk_auth_perm FOREIGN KEY (permission_id) REFERENCES public.auth_permission(id) DEFERRABLE INITIALLY DEFERRED;


--
-- Name: auth_user_user_permissions auth_user_user_permissions_user_id_a95ead1b_fk_auth_user_id; Type: FK CONSTRAINT; Schema: public; Owner: postgres
--

ALTER TABLE ONLY public.auth_user_user_permissions
    ADD CONSTRAINT auth_user_user_permissions_user_id_a95ead1b_fk_auth_user_id FOREIGN KEY (user_id) REFERENCES public.auth_user(id) DEFERRABLE INITIALLY DEFERRED;


--
-- Name: charts_song charts_song_decade_id_8e60c86c_fk_charts_chart_id; Type: FK CONSTRAINT; Schema: public; Owner: postgres
--

ALTER TABLE ONLY public.charts_song
    ADD CONSTRAINT charts_song_decade_id_8e60c86c_fk_charts_chart_id FOREIGN KEY (decade_id) REFERENCES public.charts_chart(id) DEFERRABLE INITIALLY DEFERRED;


--
-- Name: discussions_post discussions_post_created_by_id_f4394788_fk_auth_user_id; Type: FK CONSTRAINT; Schema: public; Owner: postgres
--

ALTER TABLE ONLY public.discussions_post
    ADD CONSTRAINT discussions_post_created_by_id_f4394788_fk_auth_user_id FOREIGN KEY (created_by_id) REFERENCES public.auth_user(id) DEFERRABLE INITIALLY DEFERRED;


--
-- Name: discussions_post discussions_post_topic_id_eefe3c70_fk_discussions_topic_id; Type: FK CONSTRAINT; Schema: public; Owner: postgres
--

ALTER TABLE ONLY public.discussions_post
    ADD CONSTRAINT discussions_post_topic_id_eefe3c70_fk_discussions_topic_id FOREIGN KEY (topic_id) REFERENCES public.discussions_topic(id) DEFERRABLE INITIALLY DEFERRED;


--
-- Name: discussions_topic discussions_topic_created_by_id_d06cfeb0_fk_auth_user_id; Type: FK CONSTRAINT; Schema: public; Owner: postgres
--

ALTER TABLE ONLY public.discussions_topic
    ADD CONSTRAINT discussions_topic_created_by_id_d06cfeb0_fk_auth_user_id FOREIGN KEY (created_by_id) REFERENCES public.auth_user(id) DEFERRABLE INITIALLY DEFERRED;


--
-- Name: discussions_topic discussions_topic_decade_id_32befb9a_fk_charts_chart_id; Type: FK CONSTRAINT; Schema: public; Owner: postgres
--

ALTER TABLE ONLY public.discussions_topic
    ADD CONSTRAINT discussions_topic_decade_id_32befb9a_fk_charts_chart_id FOREIGN KEY (decade_id) REFERENCES public.charts_chart(id) DEFERRABLE INITIALLY DEFERRED;


--
-- Name: django_admin_log django_admin_log_content_type_id_c4bce8eb_fk_django_co; Type: FK CONSTRAINT; Schema: public; Owner: postgres
--

ALTER TABLE ONLY public.django_admin_log
    ADD CONSTRAINT django_admin_log_content_type_id_c4bce8eb_fk_django_co FOREIGN KEY (content_type_id) REFERENCES public.django_content_type(id) DEFERRABLE INITIALLY DEFERRED;


--
-- Name: django_admin_log django_admin_log_user_id_c564eba6_fk_auth_user_id; Type: FK CONSTRAINT; Schema: public; Owner: postgres
--

ALTER TABLE ONLY public.django_admin_log
    ADD CONSTRAINT django_admin_log_user_id_c564eba6_fk_auth_user_id FOREIGN KEY (user_id) REFERENCES public.auth_user(id) DEFERRABLE INITIALLY DEFERRED;


--
-- PostgreSQL database dump complete
--

